{
	"info": {
		"_postman_id": "146ac4c3-6a53-41e8-aa3b-94373a3649a7",
		"name": "project",
		"schema": "https://schema.getpostman.com/json/collection/v2.1.0/collection.json"
	},
	"item": [
		{
			"name": "borrower",
			"item": [
				{
					"name": "add a Borrower",
					"request": {
						"method": "POST",
						"header": [],
						"body": {
							"mode": "raw",
							"raw": "{\r\n\"id\":5,\r\n\"firstName\":\"Tom\",\r\n\"lastName\":\"Hanks\"\r\n}",
							"options": {
								"raw": {
									"language": "json"
								}
							}
						},
						"url": {
							"raw": "http://localhost:8080/borrower/addBorrower",
							"protocol": "http",
							"host": [
								"localhost"
							],
							"port": "8080",
							"path": [
								"borrower",
								"addBorrower"
							]
						}
					},
					"response": []
				},
				{
					"name": "find borrower by name",
					"request": {
						"method": "GET",
						"header": [],
						"url": {
							"raw": "http://localhost:8080/borrower/findByName?firstName=Paul&lastName=Walkes",
							"protocol": "http",
							"host": [
								"localhost"
							],
							"port": "8080",
							"path": [
								"borrower",
								"findByName"
							],
							"query": [
								{
									"key": "firstName",
									"value": "Paul"
								},
								{
									"key": "lastName",
									"value": "Walkes"
								}
							]
						}
					},
					"response": []
				},
				{
					"name": "find all",
					"request": {
						"method": "GET",
						"header": [],
						"url": {
							"raw": "http://localhost:8080/borrower/findAll",
							"protocol": "http",
							"host": [
								"localhost"
							],
							"port": "8080",
							"path": [
								"borrower",
								"findAll"
							]
						}
					},
					"response": []
				}
			],
			"protocolProfileBehavior": {}
		},
		{
			"name": "book",
			"item": [
				{
					"name": "add a book",
					"request": {
						"method": "POST",
						"header": [],
						"body": {
							"mode": "raw",
							"raw": "{\r\n    \"number\":3132,\r\n    \"title\":\"lets do it2\",\r\n    \"pageCount\":9999,\r\n    \"authorList\":[{\r\n        \r\n        \"firstName\":\"Francisco\",\r\n        \"lastName\":\"Almeida\"\r\n        },\r\n        {\r\n        \"firstName\":\"Emanuel\",\r\n        \"lastName\":\"Bandeira\"\r\n        }],\r\n        \"genersList\":[{\r\n            \"name\": \"syfy\"\r\n        },\r\n        {\r\n            \"name\": \"drama\"\r\n        }]\r\n}",
							"options": {
								"raw": {
									"language": "json"
								}
							}
						},
						"url": {
							"raw": "http://localhost:8080/books/addBook",
							"protocol": "http",
							"host": [
								"localhost"
							],
							"port": "8080",
							"path": [
								"books",
								"addBook"
							]
						}
					},
					"response": []
				},
				{
					"name": "find all",
					"request": {
						"method": "GET",
						"header": [],
						"url": {
							"raw": "http://localhost:8080/books/findAll",
							"protocol": "http",
							"host": [
								"localhost"
							],
							"port": "8080",
							"path": [
								"books",
								"findAll"
							]
						}
					},
					"response": []
				},
				{
					"name": "find all title",
					"request": {
						"method": "GET",
						"header": [],
						"url": {
							"raw": "http://localhost:8080/books/findByTitle?title=Clean Code",
							"protocol": "http",
							"host": [
								"localhost"
							],
							"port": "8080",
							"path": [
								"books",
								"findByTitle"
							],
							"query": [
								{
									"key": "title",
									"value": "Clean Code"
								}
							]
						}
					},
					"response": []
				}
			],
			"protocolProfileBehavior": {}
		},
		{
			"name": "records",
			"item": [
				{
					"name": "find all",
					"request": {
						"method": "GET",
						"header": [],
						"url": {
							"raw": "http://localhost:8080/loanRecord/findAll",
							"protocol": "http",
							"host": [
								"localhost"
							],
							"port": "8080",
							"path": [
								"loanRecord",
								"findAll"
							]
						}
					},
					"response": []
				},
				{
					"name": "findByBookName",
					"request": {
						"method": "GET",
						"header": [],
						"url": {
							"raw": "http://localhost:8080/loanRecord/findByBookName?book=The Ultimate Hitchhikers Guide",
							"protocol": "http",
							"host": [
								"localhost"
							],
							"port": "8080",
							"path": [
								"loanRecord",
								"findByBookName"
							],
							"query": [
								{
									"key": "book",
									"value": "The Ultimate Hitchhikers Guide"
								}
							]
						}
					},
					"response": []
				},
				{
					"name": "findByBorrowerName",
					"request": {
						"method": "GET",
						"header": [],
						"url": {
							"raw": "http://localhost:8080/loanRecord/findByBorrowerName?fullName=Keanu Reeves",
							"protocol": "http",
							"host": [
								"localhost"
							],
							"port": "8080",
							"path": [
								"loanRecord",
								"findByBorrowerName"
							],
							"query": [
								{
									"key": "fullName",
									"value": "Keanu Reeves"
								}
							]
						}
					},
					"response": []
				},
				{
					"name": "add a record",
					"request": {
						"method": "POST",
						"header": [],
						"body": {
							"mode": "raw",
							"raw": "{\r\n\"bookid\":2,\r\n\"borrowerid\":4\r\n}",
							"options": {
								"raw": {
									"language": "json"
								}
							}
						},
						"url": {
							"raw": "http://localhost:8080/loanRecord/addRecord",
							"protocol": "http",
							"host": [
								"localhost"
							],
							"port": "8080",
							"path": [
								"loanRecord",
								"addRecord"
							]
						}
					},
					"response": []
				}
			],
			"protocolProfileBehavior": {}
		}
	],
	"protocolProfileBehavior": {}
}